{
    "application": {
        "id": "",
        "title": "OilAndGasMultiTenantApp",
        "type": "SAP_UI5_Component",
        "componentUrl": "/",
        "appUrl": "#OilAndGasMultiTenantApp-Display",
        "navigationComponentName": "com.sap.hcp.samples",
        "intentSemanticObject": "OilAndGasMultiTenantApp",
        "intentAction": "Display",
        "html5ApplicationName": "oilandgasmultitenantapp",
        "HCPParentApplicationName": ""
    },
    "assignment": {
        "groups": [
            "84672de6-4fdd-4c47-82ec-835671fd5444-1472110325805"
        ],
        "contentPackages": [
            "66a80040-b56b-4a83-8824-bcf13d9c6e3c-1472110312454"
        ],
        "categories": []
    },
    "tile": {
        "type": "StaticTile",
        "title": "Oil and Gas Plant",
        "subtitle": "Subtitle",
        "searchKeywords": "Oil and Gas Plant,Subtitle",
        "displayIconUrl": "sap-icon://approvals",
        "displayInfoText": "",
        "size": "1x1",
        "serviceURL": "",
        "refreshInterval": ""
    }
}